car_model_year,car_model,credit_card,full_name
2001,Dakota Club,676161147759517791,Elizabeth Coggon
2006,Equinox,30118518713833,Dudley Gobeau
2010,F-Series,67625254956849449,Jordain Minchell
1995,940,6771062467903310,Fletch Laughlan
1985,Tempo,4905287017303207389,Freemon Bugs
2009,Silverado 1500,3549945121725384,Rubi Schubbert
1997,Talon,560221858215091973,Dilly Fallon
2000,L-Series,3530445629431164,Percy Ipplett
2003,CL,5385723191114355,Aloysius Reihill
2005,Caravan,201627271132513,Alasteir Gillmor
2010,Azure,5010123954819642,Salomi McQueen
1999,B-Series Plus,6372979574900728,Meade Cooney
2004,Sorento,5602228771897491,Rhodie De Simoni
1984,Ranger,5602244017392239,Hammad Haye
2006,S60,6333560614362919,Stanleigh Rawdales
2001,Escort,3563143364699802,Horatia Lavington
1999,Celica,5100143926415353,Arlette Godsil
1993,Seville,30051195302788,Natalya Kleinhausen
2003,Town & Country,5641821492713196402,Lynnette Pedlingham
1992,Grand Voyager,5130961749512898,Zsa zsa Elfe
1992,Prizm,3584324601984786,Bari Gannicott
2007,3 Series,4026129426165683,Aretha Hilldrop
2011,Soul,5602245658027711,Norina Jennens
1992,NSX,3573315093107574,Court Madgewick
1994,Eclipse,3547137427037829,Adham Willmott
1997,Villager,5641827273937474,Tamara Locker
2001,Protege,3575464820822325,Karalynn Middiff
1999,Crown Victoria,201453535452641,Luciano Tumpane
2010,QX56,3555186732710264,Antin Condict
2011,Colorado,30550937697629,Paolina Vaillant
2013,C-MAX Hybrid,4405612631115933,Ambur Laborde
1992,Daytona,30476832279117,Josefa Burges
2002,CL,677139097893975040,Gertrud Cowlam
1995,Ram 3500,5602229725779694,Katerina Callear
2012,SRX,3586480407890995,King Josipovic
2012,IPL G,633361921304788670,Jarvis Regler
2002,CLK-Class,3570862430269370,Merrielle MacChaell
1996,LS,633110264168615349,Augie Lightbody
2011,4Runner,3546919107144160,Emory Alltimes
1985,Bronco,3572611227270713,Garvey Gauler
2005,Yukon XL 1500,3553150805812136,Ulrich O'Ruane
2000,Continental,3582850185667894,Cinda Shelf
1992,900,3567980388224240,Marvin Grimster
2010,Corolla,4041379917702848,Matty O'Donnelly
2011,S6,30284253021822,Vonny Whitcher
2006,Thunderbird,3548423253919457,Tyrone Snaddin
1985,Countach,6370957760926006,Edsel Stolz
1996,Voyager,3586376732331954,Josh Jonsson
2005,Express 3500,5602248015461789,Hewe Kassel
2002,LX,4905424232728337,Sebastian Challes
1990,LeMans,5002356286284362,Tildie Rapsey
1999,A4,201551328088538,Gladi Petraitis
2002,Frontier,5602229002734297,Meggy Titherington
2006,Cobalt,3546489320986490,Lewes Hanvey
1985,LTD,3581413367246820,Flory O'Henery
2005,Crossfire,30070862078422,Georg Andrys
2003,Ram,3581980166490387,Di McVee
2002,Spyder,36389032313020,Nicolais Westerman
1989,9000,5602235405604029,Lorine d'Arcy
2005,E250,5602243489109238,Carmelle Spearman
1997,Millenia,374283878390293,Patric Chasles
2010,RX Hybrid,30071762488992,Stanford Maskill
2000,Villager,5048372567524331,Lois Raubenheim
1990,Trans Sport,3554148567136156,Herbert Pastor
1991,Reatta,337941652049825,Chiarra O'Gormally
2011,Clubman,3574153974477389,Jean Sorsby
1995,Impala,3530362918627867,Brooks Milne
1966,Falcon,5108752183355797,Nikoletta Cameli
1994,Sonoma,374622186051149,Lonnard Asif
2002,MINI,3530325734337011,Adara Ciciari
2004,Mazda6,5497017751989453,Ginger Onge
2007,Range Rover,5100132808483654,Isac Scase
2011,Optima,370281174388122,Elysha Everson
2007,Wrangler,3569531060297489,Lula Insoll
2011,Tacoma,3556589287000313,Gustaf Plumridge
2009,Pilot,3532283516630418,Inesita Horbart
2012,G-Class,3535063945861504,Pearl Barenskie
2009,Forester,3529428367433181,Lanny Stoyle
1997,Ram 2500 Club,30111380486547,Lem Bohey
1994,Park Avenue,4905963506060059,Angelina Parkisson
1985,Truck,3542732919475027,Delphine Halkyard
2009,Equinox,3574334066734693,Maxie Conti
2001,525,3563698551553542,Dietrich Bradburn
1993,Voyager,3550582702736401,Glenn Jarret
1992,W201,5178183864469274,Clarette Minucci
1997,Skylark,5602228487464677940,Siusan Kulis
2007,TL,3531359936887027,Lizabeth Shinefield
2002,X-Type,3570767928636446,Jerome Chillingsworth
2012,S60,4405145565746381,Rivi St Clair
1984,Golf,3537963842611233,Alleen Coppen
2009,F-Series Super Duty,3552587426872661,Devi Doncom
2011,SRX,3561059365072272,Jan Gatley
2001,Yukon,6706167865212870225,Sylvia Harbach
2004,300M,4508304231489589,Whittaker Challace
1991,Ranger,4913732083031522,Lonni Nurse
1993,Camry,3536527523232220,Merrel Vanyushin
1997,Tracer,374283384432050,Broderick Flipek
2008,GL-Class,6709353143320253231,Bonnibelle Andriss
2001,Impala,06049169291055708,Avivah Freyn
2010,GranTurismo,676100267923171665,Jessie Josiah
2010,Range Rover,5602215112539478,Jeromy Gillivrie
2000,Voyager,3589021855670955,Van Poker
2008,Impala,3570574152591184,Sissie Loader
2010,Lancer Evolution,3556413239093054,Brnaba Maplethorp
2006,Elise,3582315488285406,Denice Aikett
2001,Celica,370247240593755,Marga Mitchenson
2005,Ion,3553563471295834,Jennilee Wick
1992,B-Series Plus,30528163579240,Whit Cossam
1971,Mustang,5244597091461087,Sydney Adcocks
1995,Discovery,3547912748548419,Boycey Bruinemann
1997,Savana 1500,3554199100140593,Darill Lohrensen
2012,Discovery,30429378711787,Neddy Storrar
2005,Xterra,201984244734911,Allister Skaife
2002,Avalanche 1500,3559669028094374,Erma Tison
1954,Fleetwood,633302097709268667,Leicester Feldheim
2007,Esperante,67710350094610085,Mari Crutcher
2007,Elantra,3546423869399963,Thorndike Mussington
1996,3000GT,3585795175845876,Jonathan Gait
2003,Bravada,5100174492363263,Feodor Dreakin
2009,Impala,5478192842922251,Mari Minchindon
1992,Colt,30374283158072,Alisander Castagnasso
1992,Supra,3566792280656184,Saul Skarin
1984,F250,3556403682913932,Ermengarde Wernham
2003,Vibe,3589988428423718,Bogey Osbaldeston
2004,Monterey,3554030553556698,Sol Shewon
2006,Caravan,3589479758056708,Frants Deetlof
2010,E250,201982263882355,Mikey Kenworthy
2002,Camaro,560225857811355275,Amelina Neesham
2006,S-Class,5172521629780319,Nickola Poulett
1986,Gemini,3560135072814015,Jacquetta Chesters
1994,Mirage,6771100301136578318,Zia Boylan
2002,Echo,50200738216761260,Thomasa Steagall
1995,Vandura G2500,3528106860888884,Willey Dufore
1984,E250,3535393006272402,Cyrille Singyard
1999,Silverado 1500,30407310321154,Cherice Fincher
2001,911,4041593563505,Fawnia Bronger
1994,960,3573310234578833,Trev Wynrehame
1985,Thunderbird,3580641583355220,Nicole Carradice
2005,IS,337941816196413,Aviva Isson
2010,LS,3563361898538862,Milka Flasby
1992,Swift,3579464472678658,Tymon Patrickson
1993,Ram Wagon B350,6763656122235842,Leontine Knox
2008,TSX,4041377126947857,Tessy Hildred
1999,Mirage,30551799583147,Minnnie Kun
2001,Fiesta,4936678734898954538,Kipp Sorsby
2011,Panamera,201646134285110,Isobel Savaage
1998,Supra,3581187621095484,Alisander Corriea
2003,MPV,201929929300686,Susie Dominelli
2011,Tucson,4041598538775,Gavan Blundin
1994,Tercel,201657175080013,Desi Caldero
1996,Explorer,6759296811832796203,Willey Bernardi
1986,Marquis,5038272410385067910,Lizzy Paz
2012,Z4,3535772848039865,Bing McOnie
2011,Avalon,337941436563323,Erick Beazer
1995,Diamante,4903501716778722,Maryrose Longfut
1964,Mini Cooper,374283231404492,Caterina Cabbell
2008,Sportage,3557841405520634,Jasper Harwick
2006,DTS,4905159620979132727,Addia McLucky
1999,Voyager,3553598963520141,Thia Gudge
2010,CX-9,3581991758791405,Kalinda Mowday
2002,Savana 1500,5610104741404122512,Adolphus O'Growgane
2003,Ion,3565956776829677,Brynn Andryushchenko
2011,Accord,337941591087142,Ashla Bratch
1992,Storm,36005871838188,Antonina Dominique
2006,Avalanche 2500,3551872250814117,Joyous Souster
2010,Altima,3541441135448286,Lyle Peepall
1998,Maxima,3563282008102417,Gustie Holehouse
2003,Montero Sport,5602254604758585,Conrade Stredder
2007,TrailBlazer,5100131811735985,Dido Gibling
1995,Mark VIII,374622219786299,Lek Brookson
2012,Prius Plug-in,201883506360219,Asa Faulkener
1994,Impreza,201671355244406,Chaunce Stanislaw
2008,TrailBlazer,374288319263652,Emelda Spiers
2007,G,3573607168004128,Erek Clench
2009,Caliber,5010123173045318,Lexi Northley
2008,RS4,201716548446648,Rowe Giuroni
2008,Quattroporte,5602236655550607,Dalia Tunnoch
2000,Excursion,6304769311559834975,Tamara Bidgod
1992,240SX,5602227828575225,Norma Stuckow
1998,Metro,50387436041675087,Udale Lindley
1995,Skylark,3553795688469980,Parrnell Keays
1993,Eldorado,3548247043751262,Raffarty McLarty
1989,E-Class,67628611816813625,Madeline Chippindall
1987,Skylark,5010128384897381,Janean Gerdts
2002,M3,5100704577934222,Selene Gercke
2005,S40,337941820930633,Edgardo Yanele
1997,S90,3542732128258628,Nellie Farenden
1999,Passport,374283675011514,Loralee Krook
2001,Boxster,30254968111952,Mervin Welburn
2010,Kizashi,3533392375330967,Timmie Bunnell
2000,L-Series,30343682070394,Meghan Doumerque
1997,Econoline E250,6759520724548281,Stevena Loyd
2008,Civic,6333236484385468,Dory Giorgio
1998,Cirrus,3550351021520361,Allan Bown
2003,SLK-Class,3540091857794267,Parsifal Bryns
2008,Challenger,3536230952950533,Junia Karczinski
2000,New Beetle,3545974756244119,Aguie Paddon
1994,Viper,3540860966890301,Shoshanna Scardafield
1993,Corvette,5575547668161346,Carlee Rizzardo
2010,Cooper,5100146118085793,Base Critchard
2011,9-4X,3563993520706770,Sherline Paal
2011,1 Series,6304730863967395409,Teirtza Crossfield
2006,Sebring,3582114076641876,Costanza Lehrmann
2010,Vibe,3569710085630227,Son Kenan
1999,GS,3562351553783490,Pippa Issard
2000,Durango,3534063699310121,Gualterio Ronci
2006,SLK-Class,3557731592159413,Elise Dudenie
2008,xB,589397467908079969,Nathaniel Oxx
1990,XT,3556491883929088,Yancey Bourgourd
1995,Esprit,560222181256035075,Cornela Reding
1996,Protege,3534009530269703,Lolly Malloy
1998,Mark VIII,3574515486504530,Janey Ellis
2006,Cobalt,373382266490771,Moss Hassin
2006,Mazdaspeed6,374283055265599,Estele Ponde
1996,Firebird,3588430406719560,Alec Bastick
1998,4Runner,3552565419551450,Sterne Skrines
2000,Tahoe,3570979314701946,Franz Coomber
2004,Pilot,3587544991878184,Vinson Blaschek
2008,IS F,4405843299656393,Weider Durdy
2005,Envoy XUV,3581536308978281,Alexina Moysey
2004,Celica,67631449768811494,Tait Speers
2007,H2,4917372263402767,Lauree Powe
1995,Sonata,3561154033953712,Maurizia Quimby
2007,LR3,4041378263055900,Susann Raspison
2011,Galant,5484874296102165,Karlik Eichmann
2008,C70,36608415977204,Hubie Kieff
2006,Stratus,5100136770090645,Herta Wharby
1995,Acclaim,5602210901953321208,Fabe Smout
1992,SVX,4917822062848396,Rafaelia Clarae
2007,XC70,3547511462989062,Dominik Flury
2010,FJ Cruiser,6370275551962613,Iago Melburg
1986,Laser,5602233219759279,Arney Burtwistle
2008,Eos,4905094955236208193,Ed Kowalik
1991,Taurus,3544443812195914,Charita Zapatero
1998,Windstar,3586426973221925,Dotty Vidineev
1998,A6,4405812201423424,Delainey Labbati
2006,RX,4175005619404544,Evvie Scarce
1988,Thunderbird,373544582712663,Gannie Rait
2004,GS,5435520168551126,Duky Clive
2009,Vibe,3574299821173364,Chrissy Geroldini
1993,Riviera,3564790799400104,Aldis Breadon
1990,Mirage,50183355531931170,Sibyl Lung
2005,Eclipse,4041597982554279,Hillary Chelsom
1984,6000,633110224783786321,Ricca Ravenscraft
1987,Cordia,63044317130176609,Kyrstin Caley
2001,Boxster,3528913784376007,Tania Smedmoor
1995,Rodeo,201486321971879,Matthaeus Priditt
1998,Tracer,5100172995077604,Seumas Marion
2000,Tacoma Xtra,675932709179929219,Rupert Antonat
2003,Ascender,3588337008701948,Inglebert Corrie
2009,Savana,5893818070214709,Nikolas Rennels
1968,Cougar,5602224778934577,Montgomery Honeywood
2007,SLK-Class,6390590369932939,Shea Kubicek
2003,H2,3531005242400951,Heinrick Rearie
2008,Armada,3535382192659548,Obidiah Sweett
2009,Mariner,56022273649132692,Hewet Liffe
2004,Verona,3546570003707418,Maisey Gircke
2001,IS,3535870524874322,Saunder Drache
2002,Frontier,3574699326073698,Corinna Dightham
2009,Taurus,3573670512365330,Quint Romanet
2003,Sorento,3559928933398639,Misti Ducker
2010,G3,3585212491752646,Tanney Lissett
1995,929,3585404426806221,Brien Skillicorn
2003,Express 1500,3555946359161301,Sybille Simone
2009,Sable,3559267757381060,Bendick Devoy
2011,G37,3588369519394426,Flor Mengue
2010,RX Hybrid,3551933944751337,Tabb Crannach
2003,Sierra 3500,3589864613886763,Danette Henker
2012,Cayenne,6304167603422293,Sawyer Dincey
1994,MX-5,3542526179811578,Archie McCard
2008,Camry Hybrid,56022388731600214,Elroy Knappett
2002,Ram Van 3500,3546433496608801,Cleveland Blackburn
1988,Escort,3550429508202750,Renaldo Sybe
1997,MX-6,3554446578156910,Candace Kersley
1998,Escort,5002354606140018,Stacy Rocks
2011,Rapide,5100135070003852,Isabelita Pitkethly
2004,TSX,3573079611720728,Sophronia Jansie
1996,Diamante,201417810557192,Moss Purcer
1997,Suburban 2500,6709885117186739,Bev Pele
1994,Yukon,3568367566831724,Kurt Gaiford
1999,1500 Club Coupe,3545528039894908,Briney Royal
1984,Fiero,67091853874282792,Ange Sanz
2004,S80,3573574609750133,Ax Blaskett
2003,LX,5602256432762655,Candy Champkin
2011,Escalade,3538345095124875,Saul Bellringer
1996,Breeze,3536120440804410,Lon Scipsey
1991,Coupe Quattro,3543917185625202,Sib Hirche
1989,E-Series,5602255159593442,Sabine Paramor
2007,QX,30519309118290,Emlynn Vaney
1984,F150,56022446296959944,Powell Davidovsky
2007,S2000,5602241084725135,Mose Torn
1987,911,3589736170545851,Marge Greenhough
2011,3500,5602216579639389,Dorree Baroch
2006,M,5602226769313836,Calley Sachno
2004,Yukon,4534890412700958,Arlen Usher
2011,Insight,36146042637339,Fabiano Cloney
2010,X3,3558370229981540,Roshelle Lehemann
1995,Eldorado,3581483910586659,Georgeta Brymner
2012,9-3,6334610785242889777,Cort Fenge
1999,F250,4917027614393921,Darb Tucknutt
1970,Torino,3535115063567972,Lianna Sposito
1993,Thunderbird,6767372326224592,Emera Gartshore
1992,NX,3567655966296576,Hobie Alderwick
2003,Bonneville,6331104293651458,Zandra Kerne
2008,Avenger,30461614671608,Ida Hannigan
2008,Tundra,3586622450981706,Wilburt Happel
2002,Camry,3572012236882178,Lorie Tumini
2012,Avenger,3577880242724708,Hephzibah Brimblecombe
1993,Econoline E150,3540776760328514,Faith Cords
1998,Skylark,501890634017260833,Emery Leyre
1997,Wrangler,589398418835340379,Vern Cassely
1987,4000CS Quattro,5048378688047433,Mariana Ibbitson
2003,Eurovan,5602232474666427,Jen Butterfint
2005,Yukon,3530766651687526,Madeleine Kilcullen
2011,LR2,3563149534667728,Tucky Neasam
2007,Silverado 1500,374288738360345,Cecilio Knatt
2011,Miata MX-5,3569815996774988,Ezechiel Thowes
2012,Veloster,3574283161295474,Sylvia Thumann
2007,S6,67597591630272975,Ofilia Hutchinson
2009,Ram,3551735699757231,Anders Twelve
1994,Tempo,630449465138465651,Verena Stichel
2005,Eclipse,3537040827401680,Harmony Nurdin
1976,Grand Prix,3557788123946627,Martguerita Choudhury
1987,Grand Am,3531524467238805,Dion Sothern
1998,Celica,343586330769641,Rene Dodson
1994,Truck,5002354018781664,Stacey O'Fihily
2001,M,5602242985445474099,Ragnar Manson
2006,Express 1500,3574763480640419,Janina Weeks
2012,Outlander Sport,3565403038429343,Nellie Como
2006,H3,3560910035551817,Hiram Kelston
1995,Viper RT/10,3549049594611849,Germain Vigors
1984,Brat,3536375231417893,Sissy Ingledew
2007,Expedition,4913588899433827,Paton Sabater
2007,E350,5100141138157482,Emmeline Whitbread
1991,911,3539668219951371,Wilmette Klosges
1989,Legend,5422312135238416,Morna Cridlin
2006,Mazda6,3572464271892408,Mick Traske
1985,E-Series,379465205477993,Karim Moncrefe
2002,Montero Sport,3549751945918183,Temple Burdon
2001,Corvette,343820427303273,Abeu Shoobridge
1993,Tempo,630439828255562943,Gaye Verryan
1989,Tempo,30564398901974,Arnie Cuesta
2010,Accord Crosstour,6331103053509609432,Derwin Byford
2011,Discovery,3568863620870286,Myer Baser
2002,CL-Class,633322736724145204,Sula Sweet
2003,Solara,30341350464972,Venus Benkin
2007,Tribeca,201460352230471,Ky Bickerdyke
1992,7 Series,3574271520897197,Dev Sedge
1993,1500 Club Coupe,3589642249736085,Rockie Tills
2006,Element,5387141936560477,Dorolisa Bingley
2005,Viper,3571700524536701,Karel Bourley
2007,Cayman,4175009353190491,Nerti Gribbell
2012,RL,3566983011976237,Dede Adelberg
1998,A6,676280969538545595,Toddy Espinoza
1993,H1,4911715266061590,Gaspar Tyce
1977,Grand Prix,560223182679151191,Vin Thaim
1983,Caprice,560225538148120141,Lulu Carnelley
2009,Explorer Sport Trac,676289323792409356,Vasily Dunican
2009,GL-Class,3573136867616651,Fulvia Mussett
2011,Savana 2500,3574747217749106,Hurlee Silver
2000,Taurus,4041592330034074,Rafaello Fisher
2009,IS F,3553715650570318,Sidonnie Caldera
2000,Escalade,3548926992000793,Shell Lanfare
1992,Pajero,3536967691151366,Lissi Doleman
1989,LS,3544220087244274,Norry Raymen
1985,Grand Am,4017955618392,Birgitta Cathrall
1992,SC,5602235185238188,Aura Sprigings
1996,Vision,201552337468463,Glory Waddingham
1997,Ram 1500,5495824116942578,Grata Lifsey
1999,Sentra,3531311166877756,Coletta MacGillespie
1992,Sentra,5602244348229902,Ilyssa Robard
1993,Xtra,36142927276400,Benedetto Moughtin
2003,RX,6759483091958035198,Florina Minshaw
2005,Optima,3580268366956303,Maxy Edington
1993,Mighty Max Macro,3544817095295428,Berni April
1999,G,5018662490489925,Eugenia Mauchline
1992,Tercel,201494004236875,Nelly Mazzey
1985,W201,3585363912392551,Arne Gamlin
1998,Tercel,3555915862084144,Tarrance Stanlock
2005,Dakota,4844249029657041,Flory Hamil
2012,A4,3579487254400165,Tova Plackstone
2009,1 Series,5248182676383448,Abby Zimmer
1998,Corvette,3567152106952417,Yetta Mirralls
1998,9000,3571217395032835,Tedman Baylay
2001,Ram 1500 Club,3566737147531112,Ogden Imlen
2005,Z4,5100170520996157,Clarence Bortolutti
2005,Express 2500,3575385250224676,Penni Stickley
2008,i-370,4913802084578928,Dimitry Kettle
1996,A6,201689166851672,Averyl Inderwick
2007,Express 3500,3540024315196007,Nadya Bootton
1986,LTD,3529854223962479,Lian Grimsley
2002,S4,201600661511158,Roslyn Gwilym
1992,8 Series,342573726771051,Margarette Schoffler
2011,IS F,3586597862304194,Chicky Woolsey
1987,Galant,3578115129834547,Charmane Moquin
2001,Sunfire,201443946966982,Coraline Hughes
1987,Pajero,3540419497596257,Fania Rhymes
2008,Explorer Sport Trac,3530902664341633,Henrie Bolden
1971,Vega,3553010692084662,Effie Bevington
2013,X6 M,6762372752400797325,Elane Haining
1993,929,4175006986410312,Marlin Spataro
1997,LSS,4405252175336809,Danita Lishmund
1988,Turbo Firefly,3584786647073297,Marleen Deesly
1987,Ranger,377007105535397,Olly Kennea
1995,3500,3577156271204429,Tuesday Caughan
2007,Impreza,3589727671197227,Roderick Affuso
1995,Discovery,3543742266259485,Gabbi Scotchmor
1995,Grand Marquis,3555162453225030,Moe Colthard
2003,Rodeo Sport,3530085075715692,Isiahi Tollady
2001,Tacoma Xtra,5590317978517426,Emilia Bolesworth
2008,599 GTB Fiorano,5100147066347011,Pavla Winridge
1998,Mustang,3535455648427114,Sheree Been
2006,B-Series,560223168392463500,Gray Cool
2010,LS Hybrid,6333749875241921089,Berenice Bowfin
2004,Tundra,3567457027193938,Meryl Bodsworth
2011,XJ,5007668707878464,Jerrold Haitlie
1998,Corvette,3544040193740340,Dexter Atteridge
2008,Yukon XL 1500,6767132901378406670,Quentin Philo
1999,Town & Country,3569343214016199,Daffie Chalkly
2005,Baja,560221457952287934,Reynold Varren
2008,TT,3564686813525217,Penn Frawley
2009,Tiguan,5561356324184593,Marianna Baxill
1985,Esprit,5602214671586988,Hermina Geall
2002,rio,30561091365473,Lisbeth Sellars
2007,Daewoo Lacetti,3550496936460086,Park Moulden
1993,Celica,676192448856321670,Sidonia Norgan
2007,Continental GT,630480526219869911,Ethelda Loveguard
1998,Talon,503839732501161895,Harri Juden
2009,CTS,374622403150815,Maryjane Wardesworth
2009,Z4,3548314102220934,Charmaine Noone
1995,Corsica,491192826159786927,Ceciley Duffus
1988,911,3575691534076257,Red Huntall
1992,Spider,675985584338745756,Avrit Heisler
1998,Continental,372301179706934,Findlay Waldron
1991,Skylark,5602238659024621,Gifford Artingstall
2006,Element,6386626105543089,Audi Sapsford
1999,Venture,3576954471137261,Goldarina Fyrth
1989,Gemini,3553741178111146,Benny Lammert
1985,Sunbird,30056729459384,Cornela Franciskiewicz
1992,300SD,337941307374545,Germain Bonnyson
1997,Esteem,3567478572905070,Nadean Posnett
2010,4Runner,3541857481919754,Lodovico Ranger
1993,Colt Vista,3565670074173403,Lilla Davidai
1978,Celica,3536941033377633,Nichole Horsted
1996,Silhouette,677127766563028124,Gaston Kingzeth
2007,4Runner,5602234715325961265,Florina Figgins
2010,Insight,3587386383458690,Loy Allchin
2006,Canyon,3582751630281531,Brianne Dast
2010,A5,3528487293007999,Amitie Dillamore
1988,Grand Prix,6334955060541324782,Cairistiona Pirrie
1993,Defender 110,5641827835558578,Rose Simonato
2006,Rainier,4175009184445403,Robbyn Collingdon
2010,Sierra 3500,30315957387273,Stillmann Bullivent
2010,H3,5602247677245852,Electra Gisburn
1994,Mark VIII,6304172868193936,Garnet Nettleship
2010,M,676722593958112037,Stevie Letherbury
1995,T100 Xtra,4903681512273409038,Carlita Ferronier
2001,GS,3565754463956477,Derby Quinevan
1996,S-Series,5438273809559317,Janis Twiggs
2010,E350,6381123212268318,Nisse Lavelle
2002,B-Series,3529752902166042,Sue Eitter
1985,Chariot,3532210157874120,Ulises Rylatt
2008,Envoy,201918217078971,Boniface Grigoli
2007,Monte Carlo,3546435112600096,Harmon Langshaw
1994,Econoline E150,5602231540706399,Sammie Schettini
2010,X5,3543092599117343,Augustine Ferber
1996,Tahoe,3531896350745132,Brittney Sothern
1994,Suburban 1500,5602217065036536,Janie Mackrell
1987,Escort,3536506606542275,Murielle Tregiddo
2005,Envoy XL,30432604660216,Odelinda Craney
1998,1500,5576993999915092,Cristin Tomaszynski
2009,Mustang,4017951116672,Constancia Kopps
1996,Accord,4041598089638882,Lauraine Carrigan
2011,Evora,5602226047581790,Rosalind Fretwell
2007,Sierra 1500,5100178333574160,Cari Mayell
2002,Maxima,3552553666158179,Adelaida Petersen
2010,Dakota,3586761600720588,Kat Ca
2010,Ghost,56022515085703117,Carleen Zeal
2009,XC70,3572037309265704,Rockwell Eassom
1992,Storm,5602251608078598,Jacklyn Kirke
1992,Premier,5428964763498698,Dukie Withringten
1996,Civic,5893113619932672482,Adorne Klainer
2000,Suburban 2500,30544435245999,Patton Casellas
2001,626,347122374228033,Simone Tilburn
2004,Phaeton,4175000654352229,Naomi Arkcoll
1997,Riviera,3547533950759849,Muire Godman
2012,A7,36294541448327,Karlee Jude
2002,Aztek,3531253370156330,Jarib Koppelmann
2006,Mazda6 5-Door,30168912523338,Ethelind Coldrick
2006,DTS,4844018864414317,Dorisa Tsarovic
1996,TL,3572851386777294,Celestia Bridgens
2001,Town & Country,6334971389945742103,Reinaldos Dunleavy
2001,Ram Van 2500,4026892862676881,Dory Sasser
1995,9000,4319117133140,Livvy Piesing
2005,Optima,589336827491607613,Doll Leith-Harvey
2012,Explorer,3575844782459663,Penrod Chafer
2009,Outlook,3575425940913203,Jedidiah Petrovic
2000,Sonata,4175005017750688,Nickola Wittman
2002,S80,5368728986126820,Genevieve Perren
2008,i-Series,676724471925735156,Brigg Jereatt
1997,Achieva,30263184918686,Raymond Fishwick
1998,Grand Am,3553880638936682,Linnet Raspel
1992,Viper,5602224830724974,Derry Sweedland
1999,Jetta,5018715958114607,Jasun Edscer
2004,LeSabre,6759815915207382515,Hayward Kerss
1985,GTI,560222588718748261,Arther Mabbitt
2009,RDX,6763797523639920383,Chan Neno
2007,Tundra,3544309407516329,Eddie Lemon
1993,Rodeo,5588437777302533,Cam Fitchet
2007,Hemisfear,5038079331063528,Harwell Hellard
2010,X6 M,3546644844523985,Delmer Mileham
2005,Yukon XL 2500,67595332373181848,Halley Waskett
1998,Dakota,6333032475446650108,Corrinne Merigon
2012,LaCrosse,5048377167613426,Pietrek Florey
2003,Golf,3583348482819267,Patsy Esgate
1998,LSS,3578971514314861,Christin Cade
2004,Outback,561091222180079080,Cristina Forlong
2008,SRX,3571932507061064,Vittorio Walkling
1986,XT,560221214888935973,Tallie Kroll
2012,Veloster,3585598636154759,Rita Lamey
1985,LTD Crown Victoria,3565877223695257,Orly Witcomb
2008,CX-9,36152316540449,Carney Coot
2000,Catera,3584322113494385,Jolyn Songhurst
1967,Firebird,3565288205478151,Arney Sheerin
2000,Frontier,5007666561015165,Erinn Oakman
2007,Savana 1500,4911789659160095,Donni Perin
1989,ES,3579304143314905,Ailbert Cunnell
1987,Familia,50183222064985413,Gert Twigger
2009,SLK55 AMG,340948006412653,Ludwig Titterton
2005,Rainier,3529544107599303,Nita Han
1992,Mighty Max,3531777172110962,Babb Gilleon
1994,Miata MX-5,4936952489459084,Aubrie Dawks
2010,A4,3536134191336142,Emile Boutflour
2001,SLK-Class,630473662564506029,Kimberley Kleinber
1996,Viper,5100141324723683,Emmanuel Haslen
1991,80,3562415213335569,Carin Estrella
2005,Savana 1500,3530355830634466,Koo Dunge
2005,Pacifica,30394551161921,Nester Greatbanks
2007,E150,30550916887662,Pauly Tsarovic
2011,Cooper Countryman,5200034478081975,Tab Roseby
1999,Windstar,5100148977191886,Alaster Canet
1999,Caravan,3555674990023835,Englebert Lerohan
2009,Cayenne,5602255969706770,Rafaellle Deverille
1985,RX-7,3553536348633726,Ripley Berkely
1995,Avalon,5602220194528811,Cortie Dameisele
2006,Sebring,5602229941955956519,Shellie Algie
1992,Cherokee,3582726587048299,Ade Reese
2002,Camry,6331105027975451,Normand Aspin
1997,Miata MX-5,3566348375925180,Margit Stronach
2010,Freelander,5558395730390720,Davin Posvner
1997,8 Series,5100170153797179,Britteny Yakhin
1999,Cherokee,370538983394967,Candice MacKeague
1966,Toronado,374288537594136,Ivy Stillgoe
2012,C-Class,5602227097076653329,Daniela Creech
1990,Bronco,374288716653976,Moishe Hoggins
2001,Regal,3588336773901527,Dmitri Kulver
2009,GT-R,4508434581075884,Pincus Barrow
1992,164,3533237544091604,Lanae McCarty
2009,MKS,5549989101057355,Ricki Vitet
2000,Seville,5610091889692695,Rea Orrill
2012,Focus,670979549859395553,Frederigo Baggs
1994,Ciera,30565022730564,Taddeo Castille
2011,TundraMax,3589058250389716,Yehudit Stenner
2006,Avalanche 2500,3556414094378242,Melodie Cheyney
1991,Tempo,5471374315752228,Oneida Bough
1997,Odyssey,3575025207578374,Baudoin Bartelet
2003,S-Type,6759020538359686,Skipper Olney
1997,900,337941975079780,Sayer Caldeyroux
2007,Suburban 2500,3543556533362785,Aili Findlow
2005,Equinox,4017956105364471,Didi Rodson
1989,430,3545737173943567,Edee Eglinton
1991,Coupe Quattro,4911388200670213968,Gifford Cullinan
2008,LS,6381560617628127,Amelie Peever
1987,Aerostar,3536843614003028,Celine Alvy
2005,Coupe,5602249709855161,Belvia Prestney
2005,A8,374622479476011,Pauline Treslove
1996,Caprice,4905975331373661814,Bertina Angelo
2007,QX,4041595081308,Ado McVanamy
1988,SJ,201446003550557,Yelena Tanfield
2013,GS,060406377726204700,York Shortland
1986,900,5610191783790171,Guy Kellard
1987,Type 2,490524877970198678,James Kermath
1995,Mustang,5610420280333619,Tiphany Menaul
1998,Tahoe,63046177347014680,Silva Demare
1967,Country,5602228012196646,Hobart Gabbitus
2003,Silverado 3500,630440655406826274,Philippe Kmieciak
2000,Accord,675987899517721081,Alverta Braz
1995,Supra,3559666109790698,Norma Merida
2010,Silverado 2500,4017950195842439,Minnnie Stredder
2008,FX,3567480924992814,Eberto Laying
2009,Savana 2500,3560711986244422,Charisse Slimme
2007,Outback,56022217754067235,Welby Jepperson
2000,Safari,5602233312508177,Elwood Moberley
1989,LTD Crown Victoria,201711256640433,Dulce Jillions
2012,1 Series,3545339580465761,Ninnetta Ortas
2011,GT-R,5194734102072799,Ward Dutson
2003,Bravada,3584213230230994,Eleonora Moodycliffe
1997,Avenger,201936543312120,Isador Norcott
1990,Festiva,201630884076846,Tansy Abthorpe
1998,Land Cruiser,3553698562413720,Sharlene Girard
1998,Concorde,3553194806230484,Gipsy Scoyne
2003,RS6,3583238239593705,Elmo Brassington
1993,Stylus,3551566242862453,Harley Delicate
2005,Accord,3554108862412892,Gabriela Soames
1989,Topaz,3545136453362632,Jordain Rowney
1990,100,4405432581842091,Osbourne Hartigan
1960,Rockette,675991130443248419,Maggy Mochan
2002,Santa Fe,3577713053071713,Anna-maria Martijn
2009,Tiguan,201825113364977,Tammi Tylor
1993,Vandura 2500,6771065603507369224,Cordula Checcucci
1996,9000,5602242788906470337,Hayyim Corris
2004,Bonneville,30525972874697,Alex Carbett
2009,xB,3528967551792150,Emma Babidge
1989,944,633492559685720342,Isidoro Villaron
1988,E-Class,5100138723559643,Tamiko Thunnercliffe
1998,Venture,3550468130018200,Obadias Theobald
1998,Q,5010125974873814,Jannelle Perry
2009,Solstice,5048378773736189,Brig Cosh
2009,Aveo,3555336984010794,Babette Drew
1999,Catera,5101487287069328,Guenna Strover
2011,Explorer,3532100788785490,Karlotta Heineking
1997,Pathfinder,201987527516863,Meggi Friedlos
2003,XC70,6377369860394296,Blake Payn
2004,Gallardo,3546936727118341,Jule Imason
2007,Escalade EXT,3528646997702177,Bunny Peascod
2011,Sierra 3500,5100176658530494,Genevieve Caswill
2012,Flex,5602252531223939,Tomas Coey
2008,Canyon,3555170396705364,Hilarius Kornousek
2005,RL,3585355848555327,Lisle Negal
2004,S80,3546774309303118,Thorpe Biaggetti
1998,Mountaineer,3580740340885196,Farr Allard
1991,MX-6,3546259401548273,Cammi MacKimmie
2009,Viper,6334747306287214254,Aguie Brodley
2011,DB9,4026788036899195,Golda Sawley
1992,Sportvan G20,3580605703032779,Obadias Laverock
1998,Ram Van 3500,30010215706675,Michell Waberer
1993,S-Class,503841423975755919,Elva Terrazzo
2003,Crown Victoria,3588886862989452,Clary McCarthy
2006,Canyon,3529853455097988,Tani Richard
2000,SC,201879104810449,Charmion Ginie
1994,Expo,5602212637920309,Leigha Kilfether
2012,Corolla,5424683233485754,Monro Finlaison
1994,Aerostar,4026486465364829,Arleen Mauchline
1999,Dakota,201996140127750,Killian Cranson
1993,Vandura 1500,201930284851941,Stanislaus Jakoubec
1986,Passat,5489216234958966,Teddie Fennelly
1994,Vigor,4041374399828351,Cy Jakoviljevic
2012,RX Hybrid,6771775319873287202,Theodosia Weippert
1993,Maxima,4405208035910795,Mikol Girardey
1996,Bronco,3530935668333461,Bev Drayton
2002,Voyager,4917045282535227,Murielle Andrus
1997,M3,676759654726931748,Land Merida
2000,626,347277126216403,Christopher Lauxmann
1992,Vandura 1500,3536756041290721,Jeramey Pentland
1993,SVX,3580412697105897,Toni Scholl
1997,Dakota Club,3583764037598711,Henriette Bucknall
1990,XT,6762512409855995,Viviana Spurman
1992,Trans Sport,5166588640940899,Myrna McLinden
2010,Cayman,50205329178116910,Melanie Wickham
2009,Versa,3583222159693729,Pembroke Yakunkin
1994,Rally Wagon 2500,5010127842594952,Carlin Klaaassen
1997,Prowler,3570260101763195,Wendell Greenham
2012,S4,5516484745303422,Emmalynne Petrichat
1998,Aurora,201930664022188,Sonnie Noir
2008,Explorer,5010123074394831,Chastity Setterington
1992,Mirage,3582362226167751,Ransell Guillond
2010,H3,201414550123392,Aldus Switzer
1994,2500,5553657758129792,Caitrin Maciaszczyk
2008,RL,3576885190910507,Isabelle Gillicuddy
2007,B9 Tribeca,3555204961924884,Sondra Hastewell
1997,Sable,3564189116631196,Miriam Guido
2011,Elantra,67718138880456439,Loretta Smallpiece
2005,Ram 3500,3558241995757127,Timothea Heffernan
1998,ES,3583540572812349,Neile Gunner
1984,GLC,3534280066923019,Theodoric Growcock
2012,S60,3529387092980447,Sula McKew
2004,Crown Victoria,6397180855468342,Arlen Bockin
1992,Dakota,3537218081803615,Osbourn Halksworth
1993,Silhouette,5893228881514308081,Bink Povey
2003,Town Car,3576506700226479,Lars Maundrell
2006,CTS,5602225367892647,Torrin Ceyssen
2012,Expedition EL,5602233784787473236,Kassi Laterza
2006,Golf,3545898993488496,Karisa Aitcheson
1998,Breeze,5100170203191605,Saunder Bleaden
2003,Protege,6392811696820177,Vannie Hannant
1996,Grand Am,3555457863314675,Brnaba Cochet
1989,XT,3540990722324251,Lori Burner
2004,Crown Victoria,6759609214236158,Larisa Formigli
2009,XLR-V,5556853552102955,Bank Thomas
2004,Express 1500,5501561271811451,Carlota Ivasechko
2012,MKT,3587482912101289,Ahmed Sidey
2003,Venture,3568000332566957,Augustine Braunthal
2001,Xterra,3533408934086963,Kore Birdsall
1994,Rodeo,3546502709452627,Mia Songest
2004,New Beetle,3588717996804368,Craig Beckingham
2008,Caliber,3577679933145193,Mil Santorini
1989,Mirage,6709756421917343,Alla Mitro
1994,Mighty Max Macro,675946431885917347,Michale Banaszczyk
2009,F350,5602251749548087,Elsi Salzburger
1972,Grand Prix,3570474488729014,Manya Thonason
2006,RL,3563564646168300,Germain Clout
2010,GT-R,3588804087050232,Gardy Tolson
1994,Camaro,3548031852112216,Christal Kahane
1997,Land Cruiser,201782812462323,Ilise Phillcox
2000,Cougar,4903192359758214729,Ericka Wiz
2002,E-Class,4041598513470407,Melody MacColgan
2009,Tribeca,201621007125891,Rabi Najera
1992,Ramcharger,3563688198680576,Giavani Stiger
1984,Vanagon,564182647259703919,Regine Gaukroger
1983,Alliance,3581283085691643,Siana Marieton
2008,Mazdaspeed 3,5893919064940380,Sada Free
1986,W201,5100178679011934,Giuditta Cauthra
2008,GX,5383192583699872,Ariella Honniebal
2007,Grand Vitara,5453348358237471,Rebeca Garett
2009,TL,3554655052163180,Nehemiah Charette
2008,Optima,5108758614539222,Rodge Viveash
2012,MKX,30544532472595,Stephi Colam
1992,F-Series,3558489814725383,Myrilla Meiklejohn
2002,Ram Van 1500,201871159066449,Humbert O'Keefe
1998,Blazer,4844320960536526,Georges Ryton
1968,GT500,3564515392232665,Lamar Munsey
1993,Beretta,3531699464990994,Dana Floodgate
2004,Wrangler,3554351898618328,Janessa Lanigan
1993,7 Series,337941897571211,Dalia Rhyme
2010,DTS,3547841656784213,Kata Beveridge
2010,DBS,30408496513770,Bancroft Rocca
2010,Cooper Clubman,3533912592902759,Nikolos Putley
2000,Sonata,5602227252047758,Tami Youings
1995,Impala SS,630465434552280052,Muffin Duesberry
2000,Diamante,3570977381545352,Gerrard Tante
1994,Miata MX-5,3534180539842897,Shelley Langthorne
2006,CTS-V,3580299145354494,Raoul Gaenor
2010,Silverado 1500,3585958362428589,Candida Housegoe
1992,740,3573657484694920,Tim McIlvoray
2010,Compass,5602246694212143,Seth Coale
2001,Sierra 2500,3536090646381903,Patrice Ikin
2003,Dakota,30546133152344,Ludvig Bruins
1997,Bonneville,5610690366993987,Donnamarie Anders
1995,Coachbuilder,3532934045399053,Georgie Hacket
1999,RX,3589490234546618,Ruttger Johnston
2005,TL,30173783052805,Bastian Worsalls
2005,4Runner,560225021493827099,Debra Seefeldt
1909,Model T,3584743352412525,Audre Spencley
2012,Discovery,3585410375764709,Glennis Feenan
2011,Yaris,201818282472606,Halie Annatt
1997,T100,5602216134659070,Mead Gobel
1995,Golf III,5226792264295683,Melvyn Van der Spohr
1989,90,5602217893253519,Veradis Brandenburg
2006,Sienna,5142586507985915,Marcille Prendiville
2003,Savana 2500,3543706542219498,Sheeree Whapples
2005,Cayenne,503896965209607187,Kippar Makin
2000,MPV,346298480216780,Nat Quartermain
1997,Riviera,67615419373694106,Poul Labrum
2011,MKX,3586112794476456,Aline Coie
1985,Civic,6379631631344415,Helaina Gantz
2009,Taurus X,3547943893479571,Rockie Bastie
1968,Corvette,3553113892292885,Hogan Leger
1996,Oasis,6762162102697139167,Babita Hartzog
2012,Edge,6759040399119174780,Madeline Managh
2010,Escalade EXT,675919025183804984,Carissa Clerk
1992,240,4865045682659678,Starlin Casaccio
1990,ES,633361879701356618,Marc Hillhouse
2007,3 Series,36174816280110,Ros Stainsby
1993,Ram Van B350,30580031722452,Berty Skeggs
2008,Mark LT,36987843864279,Linnie Foot
1994,Skylark,349435577693060,Thatcher Dinnage
1994,Beretta,6761862132680264,Randa Macken
1987,GTI,6762475164300658,Hale Trengrove
2007,300,5145268761129830,Kaitlin Rodda
1990,Laser,3543662320529774,Engelbert Gosnoll
1984,Corvette,5405897930921613,Vanya Waszczykowski
2002,Protege,3543284384991731,Cornell McIndrew
1997,Tiburon,3560917128096931,Osbourn Tipton
2009,Yukon XL 1500,3583160097638374,Kiel Mountlow
2009,Explorer Sport Trac,4508357811950552,Ameline Barendtsen
1997,QX,3528574698111896,Allister McGahern
2000,Stratus,3581983679239978,Emiline Spry
2006,612 Scaglietti,4508767990823810,Micaela Vasyukhichev
2004,QX,3564600357987246,Anjanette Backshell
2008,Ram 3500,633357634674174142,Lind Balcombe
2009,Silverado 1500,5602236945837319,Lonny Lithgow
2005,Reno,3561230943372480,Joell Bonnefin
2007,i-370,5602237944190973,Lexine Kornilyev
1994,Shadow,30534107881379,Myrvyn Camilletti
2000,S4,67099581247862899,Kaleb Fochs
2005,GT,201417220869559,Boigie Mably
2002,PT Cruiser,5007669002838690,Lissa Ponder
1995,Truck,675982707161969978,Elsey Palliser
2012,Traverse,3556232751116451,Pearle Joisce
1997,Supra,3588004999838770,Yelena Woodfine
1994,7 Series,3548207294359397,Josselyn Kittow
1998,Golf,201975244987186,Merola Southernwood
1995,Mirage,3581780612873701,Bradney Baike
2012,Enclave,6304447338932249571,Shannan Dani
1993,2500,5002350417563034,Malia Claypool
2010,E150,3583484086898553,Rodolph Mesant
2012,X5,3541083301424749,Lanny Coghlin
1998,Continental,201751438350089,Rosalie McGurk
1996,E-Series,491187444868990504,Bobinette McWhan
2009,Veracruz,370340905640043,Klarrisa Joska
2012,Insight,3537829779793379,Purcell Cherrison
1997,Hombre,30136509210817,Chelsae Pluvier
2003,Legacy,3533502292506024,Wallie Simmgen
2003,Pilot,5893312976736749901,Amanda Patzelt
2002,Regal,3554204920078823,Min Heintze
2009,599 GTB Fiorano,3534012709217180,Julee Truelock
1990,90,3550403081934212,Normand Lewson
1996,DeVille,3589332029079043,Prissie Canavan
1983,Sunbird,5553684945939974,Amber Garlinge
1991,MPV,3528736904857824,Tessi Crat
1986,Fiero,3557900811230475,Jan Narup
2005,TSX,374283112974134,Charis Attryde
1999,Taurus,3563371253626566,Cornie Dudny
2004,Explorer Sport Trac,3577706502695348,Gustie Nears
1995,Vandura G1500,5581922850532467,Donovan Whife
1992,GTO,63044214182558729,Taryn Tylor
1985,Thunderbird,5602253812427021001,Ashton Lyster
1994,Escort,201620382298950,Rani Tague
2002,626,3547805392521569,Eduardo Tierney
1998,Sportage,5010120180906185,Obie Liebermann
1993,Impreza,374288198607227,Farley Morman
2007,Arnage,4913920068514535,Cad Cholerton
2000,Blazer,3538442001104776,Muire Swanbourne
2000,Frontier,6396866454082002,Ogden Whightman
2009,Explorer Sport Trac,6376799666283601,Jacques Wiffill
2003,Accent,30522092351573,Nell Monteaux
2011,370Z,4917777628982206,Caterina Corlett
2002,Santa Fe,493616316641011096,Carmine Currum
2004,Element,3576229344701357,Ingunna Groombridge
2009,Tiguan,6771683415844064,Carmine Chisholm
1993,Excel,3579037985302295,Alissa Jayes
1994,Skylark,3570242501592812,Leonerd Olenchikov
2008,C-Class,3540472956670998,Eduino Charle
1997,Land Cruiser,5108754952598649,Dorella Parvin
1992,Firebird,5345880653582740,Shari Shilvock
2009,F350,3541348349210206,Geri Flemming
2011,Frontier,372301755392521,Gard Cooney
2002,Grand Prix,63040112332417438,Enriqueta Bremond
2012,Venza,3537356089334223,Kaile Bodill
1994,Mustang,560225920238420286,Nigel Suddaby
1995,Golf,5602222750513641,Alexei Garber
2010,Grand Marquis,3556498817939778,Vivien Bedder
2011,CLS-Class,560222843231215490,Cathleen Geddes
2004,Grand Prix,6334766299631818696,Heath Akeherst
2008,LR2,6333984501117641940,Cobbie Lakenden
2006,Taurus,3553099695425527,Garvey Hankinson
2010,Cayenne,5322560973729414,Elia Milward
2000,3500,3574535932239754,Florrie McCalum
2004,Corolla,3577306422848240,Nichols Kamienski
2007,Tucson,3566537301257342,Carina Treagust
2012,Edge,3566861132025029,Rozanna De Hoogh
1999,Rodeo,3528007198960744,Abel Jordan
2006,Jetta,56022480048048334,Rhea Van der Merwe
1987,Sunbird,3588227436384468,Bryn Oxherd
2003,300M,3564010372300922,Norrie Simon
2000,Sephia,5048373351898329,Ephraim Hush
1994,Sonata,3531500186673993,Kym Melvin
1993,Jetta,3534713211666208,Wyn Wilmore
2006,M3,3579299879797648,Torrin Loosely
2005,E350,3547617986607302,Carrol Scudder
1990,Firefly,3580909950991632,Shelba Chark
1999,Bravada,50180081956545187,Michale Patershall
1983,Alliance,5252390612458413,Dorree Clevely
2003,Aurora,374283161335492,Gregorius Giffaut
2013,Veloster,3587874605874190,Noemi Willgrass
1994,Alcyone SVX,675947972370695350,Lauree Ryle
1992,RVR,3533573651441046,Fredericka Grumble
1993,S10,3575890519722048,Robbyn Pallent
1984,Quantum,30020569669437,Matthew Crut
2009,Taurus,5602255015865513,Ahmed Raffon
2010,Range Rover Sport,493607849679232045,Joaquin Charrette
2008,E-Series,502029620282793071,Xaviera Sey
2011,CLS-Class,6771937748002862953,Loralyn Beevens
2004,Exige,3566104654083013,Aubert Sancraft
2005,Gallardo,3575429987596178,Lewes Sawdy
2006,Pajero,5610109096887757,Linnea Nance
2011,S4,6304776650546755418,Dalli Barnby
2008,M-Class,3575941136008087,Seka Fritchley
2011,1500,6333920566303804799,Laurene Wixey
2002,Ranger,5602223864789606,Nyssa Gruszczak
2005,Sedona,374283885092809,Katleen Koche
2002,CLK-Class,3541570807467974,Tedi Schroeder
1995,Mustang,4405919792978045,Florrie Dimitriou
1985,Starion,4041373811983,Hali Debling
2008,G-Class,30014855632753,Elfrieda McTeggart
1972,Camaro,3570171717800463,Chiquia Jikylls
1999,CLK-Class,3534863648929230,Vale Pettitt
1988,Cougar,3577182871686948,Vergil Knoton
2005,Savana 1500,564182506067734807,Vilma Niccols
2006,XLR-V,3584092833502045,Edgard McGavin
2012,Fortwo,5048377613291140,Micky Saunt
1989,Firebird,5010121156138589,Ursulina Coltan
2012,9-3,4041599795689,Ava Hackworthy
1996,Pathfinder,201666083088570,Novelia Harriskine
1991,MX-5,3578448754187547,Aubrette Hinrichs
2004,MX-5,3564594058573191,Nancee Pledger
1999,Cougar,3581961835524269,Gar Wogan
1957,600,3558894023517630,Thadeus Jell
1959,Corvette,3567428591119559,Terrie Hunnicot
2009,X6,6761204715354399,Britta Foynes
1993,SJ,6762303275053642733,Dionysus Yanyshev
2005,Focus,30031915457468,Candis Goldthorp
2005,Escalade EXT,5602232746181999,Salomo Issitt
1970,914,4903954577826066,Gillie Rocco
2011,Ranger,5641820738800602665,Inge Stanett
1984,Biturbo,6767460695002986,Gallard Crabbe
2012,G-Class,5610252159200052,Robin Andersson
2007,Arnage,3577292852620764,Web Gerty
2003,Spectra,344338605327799,Kare Vennings
1995,LS,5100138962939803,Gill Giocannoni
2007,S8,30527529244150,Timmy Regler
1995,Skylark,3562434714643876,Frieda Venables
2001,Corvette,4405353644519163,Reeta Pringley
1995,MR2,30025820004696,Bari Kelsow
1989,Aerostar,3584372406871229,Chrotoem Trotter
1996,Econoline E250,3581172987418694,Adaline Fanner
2005,Optima,5602233170573289,Reade Yesenev
1993,Passat,201588090553547,Rockie Purver
1996,DeVille,3587968662821233,Mohandis Rosenwasser
2003,Gallardo,491161476833862913,Dudley Hardison
2010,Miata MX-5,3546999666893597,Florella Dana
2008,S4,4508407208603767,Clark Kitcher
2010,RX-8,6759866614294100,Bamby Barrell
2000,Discovery,374622950160324,Celene Cawker
1975,Monza,30209516497980,Bernarr Mangenot
2009,Challenger,379069223237213,Anissa Danbrook
1995,Blazer,56022475968115055,Barney Rodman
2003,Bravada,501849995001165466,Alida Tweddle
1992,Thunderbird,30535046060397,Marcelle Wyre
2001,H1,374622557034088,Jeddy Townes
1993,940,4175006954460000,Alexander Bagby
2004,CTS,3531866767563600,Ellene Snape
2010,Corolla,3552983309125642,Sibylla Jermey
2006,Explorer Sport Trac,5048370300757283,Heloise Tezure
2009,LaCrosse,4041379213324057,Tobiah Caffin
2005,Freelander,3582501843368454,Alta Ahlf
2011,Cooper Clubman,3536097485018603,Vanna Gentry
2003,CR-V,56022484108536501,Berget Kellar
2012,Sprinter 2500,3530083798388475,Hugh Sholl
2011,Corvette,3536748923396445,Mose Sills
1997,Suburban 2500,5108756876507135,Elvis Babin
2001,Grand Cherokee,5602229709537019,Barnebas Busen
1990,Fox,4917822310751426,Dorri Prandoni
1993,Talon,3581768668498036,Portie Stockley
2001,Integra,201883189258797,Alameda Branthwaite
2009,Typ-1,3545952410814659,Renata Cassell
2002,Prius,3533807694629831,Leonerd Readwin
1991,Park Avenue,30139459783734,Kassia Ruffles
2010,Grand Cherokee,3569066877362473,Lacey Coulthard
1985,Type 2,63049713183926970,Findlay Dennehy
1993,Explorer,633338104602356686,Deck Woollaston
2004,Yukon XL 1500,3574879177709570,Eugenio Clowney
2003,300M,3540297110284216,Loutitia Dodshun
2011,XC90,372301734987003,Stavro Spurling
2011,RL,3528595758245779,Myrtia Domican
2008,9-3,3568514645293406,Fields Wressell
2003,XG350,6762468779616220367,Barnabas Crewther
1997,Park Avenue,5542270256349575,Benoite Croci
1993,G-Series G10,6397021727083762,Jorry Wiffen
2001,Accord,3544921560985248,Wyn Acott
1997,Grand Prix,3538172148492814,Kellby Skeels
2007,Tiburon,4041593341023692,Buck Keyson
2007,Phantom,3577590259959655,Graehme Strover
1986,6000,3531325137767391,Chryste Bentsen
1993,Maxima,4913154657233808,Kiersten Thompsett
1984,Marquis,4913810520675323,Sharai Jacqueminet
2011,Highlander,3579313074818420,Wandis Goldstraw
2011,Challenger,374288260255517,Joachim Shelly
1994,Corvette,344516593737398,Kasper Dillamore
1964,GTO,676183236688256276,Nessa Crates
1992,Trans Sport,4727304801065,Agata Huccaby
2012,Flex,5602224219725816,Anallise Vevers
1995,Club Wagon,374622130471757,Sheryl Orgen
1994,LeSabre,5002351352855260,Nelli Madrell
1988,Festiva,6389849885095552,Garner Gunny
1992,Continental,5100177655792335,Jeffie Eggleston
1993,Storm,4046483690918152,Bartlett Vondruska
2008,Veracruz,3539134763733012,Stormie Wodham
2001,Elantra,3537714892785223,Cass Priscott
2002,Aurora,3552196455795734,Doti Ogg
2000,Corvette,4041379163840268,Shane Kidney
2009,5 Series,5100173340734915,Marley Vurley
2004,Esprit,5641823562746606193,Mortie Jobke
2007,Rondo,5100134417740524,Barton Pretswell
1994,240SX,5100143090358850,Ursulina Ravenhill
1996,NSX,5602225102168861491,Caye Greally
1996,Safari,56022149238472634,Willey Porkiss
2004,545,3540591956957442,Charil Cowsby
1992,Civic,3567281494667376,Raleigh Iacapucci
2012,i-MiEV,3548352380834695,Valry Grew
1992,Yukon,67098445199175422,Hobey Delion
2002,Mountaineer,633373697784881047,Meghan Sivyer
2004,S4,63048604445143945,Worthy McLagan
2007,Tribeca,4041378337736493,Zitella Teare
2000,GTI,5100175475620389,Ettore Hars
2006,Ram 3500,3586432707432630,Cynthea Lillico
2006,Avalon,3575332260783101,Munroe Pates
1996,Mystique,5893410290591692,Sigrid Pinkney
2005,Aveo,3577487211360132,Sile Du Fray
2004,Z4,56022262061299006,Leonidas Milnes
